{
    "near": 0.01,
    "far": 28.0,
    "pose_scale": 0.14285714285714285,
    "pose_scale2": 1.0,
    "move_all_cam_vec": [
        -1.7073170731707317,
        -3.5121951219512195,
        -0.018699999999999974
    ]
}